<?xml version="1.0" encoding="UTF-8"?>
<GenRun Id="impl_1" LaunchPart="xc7vx485tffg1157-1" LaunchTime="1630956587">
  <File Type="CFI_FILE" Name="arp.cfi"/>
  <File Type="RCFI_FILE" Name="arp.rcfi"/>
  <File Type="PDI-FILE" Name="arp.pdi"/>
  <File Type="ROUTE-METHODOLOGY-DRC-RPX" Name="arp_methodology_drc_routed.rpx"/>
  <File Type="ROUTE-DRC-RPX" Name="arp_drc_routed.rpx"/>
  <File Type="ROUTE-METHODOLOGY-DRC-PB" Name="arp_methodology_drc_routed.pb"/>
  <File Type="ROUTE-METHODOLOGY-DRC" Name="arp_methodology_drc_routed.rpt"/>
  <File Type="POSTROUTE-PHYSOPT-BLACKBOX-DCP" Name="arp_postroute_physopt_bb.dcp"/>
  <File Type="POSTROUTE-PHYSOPT-DCP" Name="arp_postroute_physopt.dcp"/>
  <File Type="PHYSOPT-DCP" Name="arp_physopt.dcp"/>
  <File Type="POSTPLACE-PWROPT-DCP" Name="arp_postplace_pwropt.dcp"/>
  <File Type="PWROPT-DCP" Name="arp_pwropt.dcp"/>
  <File Type="PLACE-DCP" Name="arp_placed.dcp"/>
  <File Type="OPT-DCP" Name="arp_opt.dcp"/>
  <File Type="ROUTE-BUS-SKEW" Name="arp_bus_skew_routed.rpt"/>
  <File Type="BITSTR-LTX" Name="debug_nets.ltx"/>
  <File Type="BITSTR-LTX" Name="arp.ltx"/>
  <File Type="BITSTR-SYSDEF" Name="arp.sysdef"/>
  <File Type="BITSTR-MMI" Name="arp.mmi"/>
  <File Type="BITSTR-BMM" Name="arp_bd.bmm"/>
  <File Type="ROUTE-CLK" Name="arp_clock_utilization_routed.rpt"/>
  <File Type="BITSTR-NKY" Name="arp.nky"/>
  <File Type="BITSTR-RBT" Name="arp.rbt"/>
  <File Type="ROUTE-BUS-SKEW-RPX" Name="arp_bus_skew_routed.rpx"/>
  <File Type="REPORTS-TCL" Name="arp_reports.tcl"/>
  <File Type="ROUTE-TIMING-RPX" Name="arp_timing_summary_routed.rpx"/>
  <File Type="BITSTR-MSK" Name="arp.msk"/>
  <File Type="ROUTE-BUS-SKEW-PB" Name="arp_bus_skew_routed.pb"/>
  <File Type="PA-TCL" Name="arp.tcl"/>
  <File Type="ROUTE-TIMING-PB" Name="arp_timing_summary_routed.pb"/>
  <File Type="OPT-DRC" Name="arp_drc_opted.rpt"/>
  <File Type="RBD_FILE" Name="arp.rbd"/>
  <File Type="BG-BIN" Name="arp.bin"/>
  <File Type="ROUTE-TIMINGSUMMARY" Name="arp_timing_summary_routed.rpt"/>
  <File Type="NPI_FILE" Name="arp.npi"/>
  <File Type="BG-BGN" Name="arp.bgn"/>
  <File Type="ROUTE-BLACKBOX-DCP" Name="arp_routed_bb.dcp"/>
  <File Type="WBT-USG" Name="usage_statistics_webtalk.html"/>
  <File Type="RDI-RDI" Name="arp.vdi"/>
  <File Type="RNPI_FILE" Name="arp.rnpi"/>
  <File Type="BG-DRC" Name="arp.drc"/>
  <File Type="ROUTE-ERROR-DCP" Name="arp_routed_error.dcp"/>
  <File Type="BG-BIT" Name="arp.bit"/>
  <File Type="ROUTE-STATUS-PB" Name="arp_route_status.pb"/>
  <File Type="OPT-HWDEF" Name="arp.hwdef"/>
  <File Type="PLACE-IO" Name="arp_io_placed.rpt"/>
  <File Type="PLACE-UTIL" Name="arp_utilization_placed.rpt"/>
  <File Type="PLACE-UTIL-PB" Name="arp_utilization_placed.pb"/>
  <File Type="PLACE-CTRL" Name="arp_control_sets_placed.rpt"/>
  <File Type="PLACE-PRE-SIMILARITY" Name="arp_incremental_reuse_pre_placed.rpt"/>
  <File Type="ROUTE-DRC" Name="arp_drc_routed.rpt"/>
  <File Type="ROUTE-DRC-PB" Name="arp_drc_routed.pb"/>
  <File Type="ROUTE-PWR" Name="arp_power_routed.rpt"/>
  <File Type="ROUTE-PWR-SUM" Name="arp_power_summary_routed.pb"/>
  <File Type="ROUTE-PWR-RPX" Name="arp_power_routed.rpx"/>
  <File Type="ROUTE-STATUS" Name="arp_route_status.rpt"/>
  <File Type="ROUTE-DCP" Name="arp_routed.dcp"/>
  <FileSet Name="sources" Type="DesignSrcs" RelSrcDir="$PSRCDIR/sources_1" RelGenDir="$PGENDIR/sources_1">
    <Filter Type="Srcs"/>
    <File Path="$PSRCDIR/sources_1/imports/arp_files/arp.sv">
      <FileInfo>
        <Attr Name="ImportPath" Val="$PPRDIR/../../../../Projects/arp_files/arp.sv"/>
        <Attr Name="ImportTime" Val="1630693892"/>
        <Attr Name="UsedIn" Val="synthesis"/>
        <Attr Name="UsedIn" Val="implementation"/>
        <Attr Name="UsedIn" Val="simulation"/>
      </FileInfo>
    </File>
    <Config>
      <Option Name="DesignMode" Val="RTL"/>
      <Option Name="TopModule" Val="arp"/>
      <Option Name="TopAutoSet" Val="TRUE"/>
    </Config>
  </FileSet>
  <FileSet Name="constrs_in" Type="Constrs" RelSrcDir="$PSRCDIR/constrs_1">
    <Filter Type="Constrs"/>
    <File Path="$PSRCDIR/constrs_1/imports/arp_files/clocks.xdc">
      <FileInfo>
        <Attr Name="ImportPath" Val="$PPRDIR/../../../../Projects/arp_files/clocks.xdc"/>
        <Attr Name="ImportTime" Val="1630693888"/>
        <Attr Name="UsedIn" Val="synthesis"/>
        <Attr Name="UsedIn" Val="implementation"/>
      </FileInfo>
    </File>
    <Config>
      <Option Name="ConstrsType" Val="XDC"/>
    </Config>
  </FileSet>
  <FileSet Name="utils" Type="Utils" RelSrcDir="$PSRCDIR/utils_1">
    <Filter Type="Utils"/>
    <Config>
      <Option Name="TopAutoSet" Val="TRUE"/>
    </Config>
  </FileSet>
  <Strategy Version="1" Minor="2">
    <StratHandle Name="Vivado Implementation Defaults" Flow="Vivado Implementation 2020"/>
    <Step Id="init_design"/>
    <Step Id="opt_design"/>
    <Step Id="power_opt_design"/>
    <Step Id="place_design"/>
    <Step Id="post_place_power_opt_design"/>
    <Step Id="phys_opt_design"/>
    <Step Id="route_design"/>
    <Step Id="post_route_phys_opt_design"/>
    <Step Id="write_bitstream"/>
    <Step Id="write_device_image"/>
  </Strategy>
</GenRun>
